	count
('L3201F_ORF1a', '-144Y_S')	5
('L3201F_ORF1a', 'L24-_S')	5
('L3201F_ORF1a', '-143V_S')	5
('L3201F_ORF1a', '-69H_S')	5
('L3201F_ORF1a', 'I95T_S')	5
('L3201F_ORF1a', 'R1315C_ORF1b')	5
('L3201F_ORF1a', 'T842I_ORF1a')	5
('L3201F_ORF1a', '-211N_S')	5
('L3201F_ORF1a', 'T376A_S')	5
('L3201F_ORF1a', 'S446G_S')	5
('L3201F_ORF1a', 'R408S_S')	5
('L3201F_ORF1a', 'D61L_ORF6')	5
('L3201F_ORF1a', 'V67A_S')	5
('L3201F_ORF1a', 'A27S_S')	5
('L3201F_ORF1a', 'I212L_S')	5
('L3201F_ORF1a', 'L3027F_ORF1a')	5
('L3201F_ORF1a', 'T2163I_ORF1b')	5
('L3201F_ORF1a', 'T19I_S')	5
('L3201F_ORF1a', 'P25-_S')	5
('L3201F_ORF1a', 'D145Y_S')	5
('L3201F_ORF1a', 'V213G_S')	5
('L3201F_ORF1a', '-70V_S')	5
('L3201F_ORF1a', 'H78Y_ORF3a')	1
('L3201F_ORF1a', '-142D_S')	5
('L3201F_ORF1a', 'P26-_S')	5
('-144Y_S', 'L24-_S')	9
('-144Y_S', '-143V_S')	9
('-144Y_S', '-69H_S')	9
('-144Y_S', 'I95T_S')	9
('-144Y_S', 'R1315C_ORF1b')	9
('-144Y_S', 'T842I_ORF1a')	9
('-144Y_S', '-211N_S')	9
('-144Y_S', 'T376A_S')	9
('-144Y_S', 'S446G_S')	9
('-144Y_S', 'R408S_S')	9
('-144Y_S', 'D61L_ORF6')	9
('-144Y_S', 'V67A_S')	9
('-144Y_S', 'A27S_S')	9
('-144Y_S', 'I212L_S')	9
('-144Y_S', 'L3027F_ORF1a')	9
('-144Y_S', 'T2163I_ORF1b')	9
('-144Y_S', 'T19I_S')	9
('-144Y_S', 'P25-_S')	9
('-144Y_S', 'D145Y_S')	9
('-144Y_S', 'V213G_S')	9
('-144Y_S', '-70V_S')	9
('-144Y_S', 'H78Y_ORF3a')	1
('-144Y_S', '-142D_S')	9
('-144Y_S', 'P26-_S')	9
('L24-_S', '-143V_S')	9
('L24-_S', '-69H_S')	9
('L24-_S', 'I95T_S')	9
('L24-_S', 'R1315C_ORF1b')	9
('L24-_S', 'T842I_ORF1a')	9
('L24-_S', '-211N_S')	9
('L24-_S', 'T376A_S')	9
('L24-_S', 'S446G_S')	9
('L24-_S', 'R408S_S')	9
('L24-_S', 'D61L_ORF6')	9
('L24-_S', 'V67A_S')	9
('L24-_S', 'A27S_S')	9
('L24-_S', 'I212L_S')	9
('L24-_S', 'L3027F_ORF1a')	9
('L24-_S', 'T2163I_ORF1b')	9
('L24-_S', 'T19I_S')	9
('L24-_S', 'P25-_S')	9
('L24-_S', 'D145Y_S')	9
('L24-_S', 'V213G_S')	9
('L24-_S', '-70V_S')	9
('L24-_S', 'H78Y_ORF3a')	1
('L24-_S', '-142D_S')	9
('L24-_S', 'P26-_S')	9
('-143V_S', '-69H_S')	7
('-143V_S', 'I95T_S')	9
('-143V_S', 'R1315C_ORF1b')	9
('-143V_S', 'T842I_ORF1a')	9
('-143V_S', '-211N_S')	9
('-143V_S', 'T376A_S')	9
('-143V_S', 'S446G_S')	9
('-143V_S', 'R408S_S')	9
('-143V_S', 'D61L_ORF6')	9
('-143V_S', 'V67A_S')	9
('-143V_S', 'A27S_S')	9
('-143V_S', 'I212L_S')	9
('-143V_S', 'L3027F_ORF1a')	9
('-143V_S', 'T2163I_ORF1b')	9
('-143V_S', 'T19I_S')	9
('-143V_S', 'P25-_S')	9
('-143V_S', 'D145Y_S')	9
('-143V_S', 'V213G_S')	9
('-143V_S', '-70V_S')	9
('-143V_S', 'H78Y_ORF3a')	1
('-143V_S', '-142D_S')	9
('-143V_S', 'P26-_S')	9
('-69H_S', 'I95T_S')	9
('-69H_S', 'R1315C_ORF1b')	9
('-69H_S', 'T842I_ORF1a')	9
('-69H_S', '-211N_S')	9
('-69H_S', 'T376A_S')	9
('-69H_S', 'S446G_S')	9
('-69H_S', 'R408S_S')	9
('-69H_S', 'D61L_ORF6')	9
('-69H_S', 'V67A_S')	9
('-69H_S', 'A27S_S')	9
('-69H_S', 'I212L_S')	9
('-69H_S', 'L3027F_ORF1a')	9
('-69H_S', 'T2163I_ORF1b')	9
('-69H_S', 'T19I_S')	9
('-69H_S', 'P25-_S')	9
('-69H_S', 'D145Y_S')	9
('-69H_S', 'V213G_S')	9
('-69H_S', '-70V_S')	9
('-69H_S', 'H78Y_ORF3a')	1
('-69H_S', '-142D_S')	9
('-69H_S', 'P26-_S')	9
('I95T_S', 'R1315C_ORF1b')	9
('I95T_S', 'T842I_ORF1a')	9
('I95T_S', '-211N_S')	9
('I95T_S', 'T376A_S')	9
('I95T_S', 'S446G_S')	9
('I95T_S', 'R408S_S')	9
('I95T_S', 'D61L_ORF6')	9
('I95T_S', 'V67A_S')	9
('I95T_S', 'A27S_S')	9
('I95T_S', 'I212L_S')	9
('I95T_S', 'L3027F_ORF1a')	9
('I95T_S', 'T2163I_ORF1b')	9
('I95T_S', 'T19I_S')	9
('I95T_S', 'P25-_S')	9
('I95T_S', 'D145Y_S')	9
('I95T_S', 'V213G_S')	9
('I95T_S', '-70V_S')	9
('I95T_S', 'H78Y_ORF3a')	1
('I95T_S', '-142D_S')	9
('I95T_S', 'P26-_S')	9
('R1315C_ORF1b', 'T842I_ORF1a')	9
('R1315C_ORF1b', '-211N_S')	9
('R1315C_ORF1b', 'T376A_S')	9
('R1315C_ORF1b', 'S446G_S')	9
('R1315C_ORF1b', 'R408S_S')	9
('R1315C_ORF1b', 'D61L_ORF6')	9
('R1315C_ORF1b', 'V67A_S')	9
('R1315C_ORF1b', 'A27S_S')	9
('R1315C_ORF1b', 'I212L_S')	9
('R1315C_ORF1b', 'L3027F_ORF1a')	9
('R1315C_ORF1b', 'T2163I_ORF1b')	9
('R1315C_ORF1b', 'T19I_S')	9
('R1315C_ORF1b', 'P25-_S')	9
('R1315C_ORF1b', 'D145Y_S')	9
('R1315C_ORF1b', 'V213G_S')	9
('R1315C_ORF1b', '-70V_S')	9
('R1315C_ORF1b', 'H78Y_ORF3a')	1
('R1315C_ORF1b', '-142D_S')	9
('R1315C_ORF1b', 'P26-_S')	9
('T842I_ORF1a', '-211N_S')	9
('T842I_ORF1a', 'T376A_S')	9
('T842I_ORF1a', 'S446G_S')	9
('T842I_ORF1a', 'R408S_S')	9
('T842I_ORF1a', 'D61L_ORF6')	9
('T842I_ORF1a', 'V67A_S')	9
('T842I_ORF1a', 'A27S_S')	9
('T842I_ORF1a', 'I212L_S')	9
('T842I_ORF1a', 'L3027F_ORF1a')	9
('T842I_ORF1a', 'T2163I_ORF1b')	9
('T842I_ORF1a', 'T19I_S')	9
('T842I_ORF1a', 'P25-_S')	9
('T842I_ORF1a', 'D145Y_S')	9
('T842I_ORF1a', 'V213G_S')	9
('T842I_ORF1a', '-70V_S')	9
('T842I_ORF1a', 'H78Y_ORF3a')	1
('T842I_ORF1a', '-142D_S')	9
('T842I_ORF1a', 'P26-_S')	9
('-211N_S', 'T376A_S')	9
('-211N_S', 'S446G_S')	9
('-211N_S', 'R408S_S')	9
('-211N_S', 'D61L_ORF6')	9
('-211N_S', 'V67A_S')	9
('-211N_S', 'A27S_S')	9
('-211N_S', 'I212L_S')	9
('-211N_S', 'L3027F_ORF1a')	9
('-211N_S', 'T2163I_ORF1b')	9
('-211N_S', 'T19I_S')	9
('-211N_S', 'P25-_S')	9
('-211N_S', 'D145Y_S')	9
('-211N_S', 'V213G_S')	9
('-211N_S', '-70V_S')	9
('-211N_S', 'H78Y_ORF3a')	1
('-211N_S', '-142D_S')	9
('-211N_S', 'P26-_S')	9
('T376A_S', 'S446G_S')	9
('T376A_S', 'R408S_S')	9
('T376A_S', 'D61L_ORF6')	9
('T376A_S', 'V67A_S')	9
('T376A_S', 'A27S_S')	9
('T376A_S', 'I212L_S')	9
('T376A_S', 'L3027F_ORF1a')	9
('T376A_S', 'T2163I_ORF1b')	9
('T376A_S', 'T19I_S')	9
('T376A_S', 'P25-_S')	9
('T376A_S', 'D145Y_S')	9
('T376A_S', 'V213G_S')	9
('T376A_S', '-70V_S')	9
('T376A_S', 'H78Y_ORF3a')	1
('T376A_S', '-142D_S')	9
('T376A_S', 'P26-_S')	9
('S446G_S', 'R408S_S')	9
('S446G_S', 'D61L_ORF6')	9
('S446G_S', 'V67A_S')	9
('S446G_S', 'A27S_S')	9
('S446G_S', 'I212L_S')	9
('S446G_S', 'L3027F_ORF1a')	9
('S446G_S', 'T2163I_ORF1b')	9
('S446G_S', 'T19I_S')	9
('S446G_S', 'P25-_S')	9
('S446G_S', 'D145Y_S')	9
('S446G_S', 'V213G_S')	9
('S446G_S', '-70V_S')	9
('S446G_S', 'H78Y_ORF3a')	1
('S446G_S', '-142D_S')	9
('S446G_S', 'P26-_S')	9
('R408S_S', 'D61L_ORF6')	9
('R408S_S', 'V67A_S')	9
('R408S_S', 'A27S_S')	9
('R408S_S', 'I212L_S')	9
('R408S_S', 'L3027F_ORF1a')	9
('R408S_S', 'T2163I_ORF1b')	9
('R408S_S', 'T19I_S')	9
('R408S_S', 'P25-_S')	9
('R408S_S', 'D145Y_S')	9
('R408S_S', 'V213G_S')	9
('R408S_S', '-70V_S')	9
('R408S_S', 'H78Y_ORF3a')	1
('R408S_S', '-142D_S')	9
('R408S_S', 'P26-_S')	9
('D61L_ORF6', 'V67A_S')	9
('D61L_ORF6', 'A27S_S')	9
('D61L_ORF6', 'I212L_S')	9
('D61L_ORF6', 'L3027F_ORF1a')	9
('D61L_ORF6', 'T2163I_ORF1b')	9
('D61L_ORF6', 'T19I_S')	9
('D61L_ORF6', 'P25-_S')	9
('D61L_ORF6', 'D145Y_S')	9
('D61L_ORF6', 'V213G_S')	9
('D61L_ORF6', '-70V_S')	9
('D61L_ORF6', 'H78Y_ORF3a')	1
('D61L_ORF6', '-142D_S')	9
('D61L_ORF6', 'P26-_S')	9
('V67A_S', 'A27S_S')	9
('V67A_S', 'I212L_S')	9
('V67A_S', 'L3027F_ORF1a')	9
('V67A_S', 'T2163I_ORF1b')	9
('V67A_S', 'T19I_S')	9
('V67A_S', 'P25-_S')	9
('V67A_S', 'D145Y_S')	9
('V67A_S', 'V213G_S')	9
('V67A_S', '-70V_S')	9
('V67A_S', 'H78Y_ORF3a')	1
('V67A_S', '-142D_S')	9
('V67A_S', 'P26-_S')	9
('A27S_S', 'I212L_S')	9
('A27S_S', 'L3027F_ORF1a')	9
('A27S_S', 'T2163I_ORF1b')	9
('A27S_S', 'T19I_S')	9
('A27S_S', 'P25-_S')	9
('A27S_S', 'D145Y_S')	9
('A27S_S', 'V213G_S')	9
('A27S_S', '-70V_S')	9
('A27S_S', 'H78Y_ORF3a')	1
('A27S_S', '-142D_S')	9
('A27S_S', 'P26-_S')	9
('I212L_S', 'L3027F_ORF1a')	9
('I212L_S', 'T2163I_ORF1b')	9
('I212L_S', 'T19I_S')	9
('I212L_S', 'P25-_S')	9
('I212L_S', 'D145Y_S')	9
('I212L_S', 'V213G_S')	9
('I212L_S', '-70V_S')	9
('I212L_S', 'H78Y_ORF3a')	1
('I212L_S', '-142D_S')	9
('I212L_S', 'P26-_S')	9
('L3027F_ORF1a', 'T2163I_ORF1b')	9
('L3027F_ORF1a', 'T19I_S')	9
('L3027F_ORF1a', 'P25-_S')	9
('L3027F_ORF1a', 'D145Y_S')	9
('L3027F_ORF1a', 'V213G_S')	9
('L3027F_ORF1a', '-70V_S')	9
('L3027F_ORF1a', 'H78Y_ORF3a')	1
('L3027F_ORF1a', '-142D_S')	9
('L3027F_ORF1a', 'P26-_S')	9
('T2163I_ORF1b', 'T19I_S')	9
('T2163I_ORF1b', 'P25-_S')	9
('T2163I_ORF1b', 'D145Y_S')	9
('T2163I_ORF1b', 'V213G_S')	9
('T2163I_ORF1b', '-70V_S')	9
('T2163I_ORF1b', 'H78Y_ORF3a')	1
('T2163I_ORF1b', '-142D_S')	9
('T2163I_ORF1b', 'P26-_S')	9
('T19I_S', 'P25-_S')	9
('T19I_S', 'D145Y_S')	9
('T19I_S', 'V213G_S')	9
('T19I_S', '-70V_S')	9
('T19I_S', 'H78Y_ORF3a')	1
('T19I_S', '-142D_S')	9
('T19I_S', 'P26-_S')	9
('P25-_S', 'D145Y_S')	9
('P25-_S', 'V213G_S')	9
('P25-_S', '-70V_S')	9
('P25-_S', 'H78Y_ORF3a')	1
('P25-_S', '-142D_S')	9
('P25-_S', 'P26-_S')	9
('D145Y_S', 'V213G_S')	9
('D145Y_S', '-70V_S')	9
('D145Y_S', 'H78Y_ORF3a')	1
('D145Y_S', '-142D_S')	9
('D145Y_S', 'P26-_S')	9
('V213G_S', '-70V_S')	9
('V213G_S', 'H78Y_ORF3a')	1
('V213G_S', '-142D_S')	9
('V213G_S', 'P26-_S')	9
('-70V_S', 'H78Y_ORF3a')	1
('-70V_S', '-142D_S')	9
('-70V_S', 'P26-_S')	9
('H78Y_ORF3a', '-142D_S')	1
('H78Y_ORF3a', 'P26-_S')	1
('-142D_S', 'P26-_S')	9
('K147E_S', 'G257S_S')	4
('K147E_S', 'S1221L_ORF1a')	4
('K147E_S', 'L3201F_ORF1a')	4
('K147E_S', '-144Y_S')	4
('K147E_S', 'L24-_S')	4
('K147E_S', 'G662S_ORF1b')	4
('K147E_S', '-143V_S')	4
('K147E_S', '-69H_S')	4
('K147E_S', 'D339H_S')	4
('K147E_S', 'I95T_S')	4
('K147E_S', 'I210V_S')	4
('K147E_S', 'R1315C_ORF1b')	4
('K147E_S', 'T842I_ORF1a')	4
('K147E_S', 'W152R_S')	4
('K147E_S', 'P1640S_ORF1a')	4
('K147E_S', 'N460K_S')	4
('K147E_S', 'D574V_S')	1
('K147E_S', 'F157L_S')	4
('K147E_S', '-211N_S')	4
('K147E_S', 'T376A_S')	4
('K147E_S', 'S446G_S')	4
('K147E_S', 'R493Q_S')	4
('K147E_S', 'R408S_S')	4
('K147E_S', 'T11A_E')	4
('K147E_S', 'D61L_ORF6')	4
('K147E_S', 'V67A_S')	4
('K147E_S', 'A27S_S')	4
('K147E_S', 'I212L_S')	4
('K147E_S', 'L3027F_ORF1a')	4
('K147E_S', 'N4060S_ORF1a')	4
('K147E_S', 'T2163I_ORF1b')	4
('K147E_S', 'G446S_S')	4
('K147E_S', 'T19I_S')	4
('K147E_S', 'P25-_S')	4
('K147E_S', 'D145Y_S')	4
('K147E_S', 'V213G_S')	4
('K147E_S', '-70V_S')	4
('K147E_S', '-142D_S')	4
('K147E_S', 'P26-_S')	4
('G257S_S', 'S1221L_ORF1a')	4
('G257S_S', 'L3201F_ORF1a')	4
('G257S_S', '-144Y_S')	4
('G257S_S', 'L24-_S')	4
('G257S_S', 'G662S_ORF1b')	4
('G257S_S', '-143V_S')	4
('G257S_S', '-69H_S')	4
('G257S_S', 'D339H_S')	4
('G257S_S', 'I95T_S')	4
('G257S_S', 'I210V_S')	4
('G257S_S', 'R1315C_ORF1b')	4
('G257S_S', 'T842I_ORF1a')	4
('G257S_S', 'W152R_S')	4
('G257S_S', 'P1640S_ORF1a')	4
('G257S_S', 'N460K_S')	4
('G257S_S', 'D574V_S')	1
('G257S_S', 'F157L_S')	4
('G257S_S', '-211N_S')	4
('G257S_S', 'T376A_S')	4
('G257S_S', 'S446G_S')	4
('G257S_S', 'R493Q_S')	4
('G257S_S', 'R408S_S')	4
('G257S_S', 'T11A_E')	4
('G257S_S', 'D61L_ORF6')	4
('G257S_S', 'V67A_S')	4
('G257S_S', 'A27S_S')	4
('G257S_S', 'I212L_S')	4
('G257S_S', 'L3027F_ORF1a')	4
('G257S_S', 'N4060S_ORF1a')	4
('G257S_S', 'T2163I_ORF1b')	4
('G257S_S', 'G446S_S')	4
('G257S_S', 'T19I_S')	4
('G257S_S', 'P25-_S')	4
('G257S_S', 'D145Y_S')	4
('G257S_S', 'V213G_S')	4
('G257S_S', '-70V_S')	4
('G257S_S', '-142D_S')	4
('G257S_S', 'P26-_S')	4
('S1221L_ORF1a', 'L3201F_ORF1a')	4
('S1221L_ORF1a', '-144Y_S')	4
('S1221L_ORF1a', 'L24-_S')	4
('S1221L_ORF1a', 'G662S_ORF1b')	4
('S1221L_ORF1a', '-143V_S')	4
('S1221L_ORF1a', '-69H_S')	4
('S1221L_ORF1a', 'D339H_S')	4
('S1221L_ORF1a', 'I95T_S')	4
('S1221L_ORF1a', 'I210V_S')	4
('S1221L_ORF1a', 'R1315C_ORF1b')	4
('S1221L_ORF1a', 'T842I_ORF1a')	4
('S1221L_ORF1a', 'W152R_S')	4
('S1221L_ORF1a', 'P1640S_ORF1a')	4
('S1221L_ORF1a', 'N460K_S')	4
('S1221L_ORF1a', 'D574V_S')	1
('S1221L_ORF1a', 'F157L_S')	4
('S1221L_ORF1a', '-211N_S')	4
('S1221L_ORF1a', 'T376A_S')	4
('S1221L_ORF1a', 'S446G_S')	4
('S1221L_ORF1a', 'R493Q_S')	4
('S1221L_ORF1a', 'R408S_S')	4
('S1221L_ORF1a', 'T11A_E')	4
('S1221L_ORF1a', 'D61L_ORF6')	4
('S1221L_ORF1a', 'V67A_S')	4
('S1221L_ORF1a', 'A27S_S')	4
('S1221L_ORF1a', 'I212L_S')	4
('S1221L_ORF1a', 'L3027F_ORF1a')	4
('S1221L_ORF1a', 'N4060S_ORF1a')	4
('S1221L_ORF1a', 'T2163I_ORF1b')	4
('S1221L_ORF1a', 'G446S_S')	4
('S1221L_ORF1a', 'T19I_S')	4
('S1221L_ORF1a', 'P25-_S')	4
('S1221L_ORF1a', 'D145Y_S')	4
('S1221L_ORF1a', 'V213G_S')	4
('S1221L_ORF1a', '-70V_S')	4
('S1221L_ORF1a', '-142D_S')	4
('S1221L_ORF1a', 'P26-_S')	4
('L3201F_ORF1a', 'G662S_ORF1b')	4
('L3201F_ORF1a', 'D339H_S')	4
('L3201F_ORF1a', 'I210V_S')	4
('L3201F_ORF1a', 'W152R_S')	4
('L3201F_ORF1a', 'P1640S_ORF1a')	4
('L3201F_ORF1a', 'N460K_S')	4
('L3201F_ORF1a', 'D574V_S')	1
('L3201F_ORF1a', 'F157L_S')	4
('L3201F_ORF1a', 'R493Q_S')	4
('L3201F_ORF1a', 'T11A_E')	4
('L3201F_ORF1a', 'N4060S_ORF1a')	4
('L3201F_ORF1a', 'G446S_S')	4
('-144Y_S', 'G662S_ORF1b')	4
('-144Y_S', 'D339H_S')	4
('-144Y_S', 'I210V_S')	4
('-144Y_S', 'W152R_S')	4
('-144Y_S', 'P1640S_ORF1a')	4
('-144Y_S', 'N460K_S')	4
('-144Y_S', 'D574V_S')	1
('-144Y_S', 'F157L_S')	4
('-144Y_S', 'R493Q_S')	8
('-144Y_S', 'T11A_E')	4
('-144Y_S', 'N4060S_ORF1a')	4
('-144Y_S', 'G446S_S')	4
('L24-_S', 'G662S_ORF1b')	4
('L24-_S', 'D339H_S')	4
('L24-_S', 'I210V_S')	4
('L24-_S', 'W152R_S')	4
('L24-_S', 'P1640S_ORF1a')	4
('L24-_S', 'N460K_S')	4
('L24-_S', 'D574V_S')	1
('L24-_S', 'F157L_S')	4
('L24-_S', 'R493Q_S')	8
('L24-_S', 'T11A_E')	4
('L24-_S', 'N4060S_ORF1a')	4
('L24-_S', 'G446S_S')	4
('G662S_ORF1b', '-143V_S')	3
('G662S_ORF1b', '-69H_S')	3
('G662S_ORF1b', 'D339H_S')	4
('G662S_ORF1b', 'I95T_S')	4
('G662S_ORF1b', 'I210V_S')	4
('G662S_ORF1b', 'R1315C_ORF1b')	4
('G662S_ORF1b', 'T842I_ORF1a')	4
('G662S_ORF1b', 'W152R_S')	4
('G662S_ORF1b', 'P1640S_ORF1a')	4
('G662S_ORF1b', 'N460K_S')	4
('G662S_ORF1b', 'D574V_S')	1
('G662S_ORF1b', 'F157L_S')	4
('G662S_ORF1b', '-211N_S')	4
('G662S_ORF1b', 'T376A_S')	4
('G662S_ORF1b', 'S446G_S')	4
('G662S_ORF1b', 'R493Q_S')	4
('G662S_ORF1b', 'R408S_S')	4
('G662S_ORF1b', 'T11A_E')	4
('G662S_ORF1b', 'D61L_ORF6')	4
('G662S_ORF1b', 'V67A_S')	4
('G662S_ORF1b', 'A27S_S')	4
('G662S_ORF1b', 'I212L_S')	4
('G662S_ORF1b', 'L3027F_ORF1a')	4
('G662S_ORF1b', 'N4060S_ORF1a')	4
('G662S_ORF1b', 'T2163I_ORF1b')	4
('G662S_ORF1b', 'G446S_S')	4
('G662S_ORF1b', 'T19I_S')	4
('G662S_ORF1b', 'P25-_S')	4
('G662S_ORF1b', 'D145Y_S')	4
('G662S_ORF1b', 'V213G_S')	4
('G662S_ORF1b', '-70V_S')	4
('G662S_ORF1b', '-142D_S')	4
('G662S_ORF1b', 'P26-_S')	4
('-143V_S', 'D339H_S')	4
('-143V_S', 'I210V_S')	4
('-143V_S', 'W152R_S')	4
('-143V_S', 'P1640S_ORF1a')	4
('-143V_S', 'N460K_S')	4
('-143V_S', 'D574V_S')	1
('-143V_S', 'F157L_S')	4
('-143V_S', 'R493Q_S')	8
('-143V_S', 'T11A_E')	4
('-143V_S', 'N4060S_ORF1a')	4
('-143V_S', 'G446S_S')	4
('-69H_S', 'D339H_S')	4
('-69H_S', 'I210V_S')	4
('-69H_S', 'W152R_S')	4
('-69H_S', 'P1640S_ORF1a')	4
('-69H_S', 'N460K_S')	4
('-69H_S', 'D574V_S')	1
('-69H_S', 'F157L_S')	4
('-69H_S', 'R493Q_S')	8
('-69H_S', 'T11A_E')	4
('-69H_S', 'N4060S_ORF1a')	4
('-69H_S', 'G446S_S')	4
('D339H_S', 'I95T_S')	4
('D339H_S', 'I210V_S')	4
('D339H_S', 'R1315C_ORF1b')	4
('D339H_S', 'T842I_ORF1a')	4
('D339H_S', 'W152R_S')	4
('D339H_S', 'P1640S_ORF1a')	4
('D339H_S', 'N460K_S')	4
('D339H_S', 'D574V_S')	1
('D339H_S', 'F157L_S')	4
('D339H_S', '-211N_S')	4
('D339H_S', 'T376A_S')	4
('D339H_S', 'S446G_S')	4
('D339H_S', 'R493Q_S')	4
('D339H_S', 'R408S_S')	4
('D339H_S', 'T11A_E')	4
('D339H_S', 'D61L_ORF6')	4
('D339H_S', 'V67A_S')	4
('D339H_S', 'A27S_S')	4
('D339H_S', 'I212L_S')	4
('D339H_S', 'L3027F_ORF1a')	4
('D339H_S', 'N4060S_ORF1a')	4
('D339H_S', 'T2163I_ORF1b')	4
('D339H_S', 'G446S_S')	4
('D339H_S', 'T19I_S')	4
('D339H_S', 'P25-_S')	4
('D339H_S', 'D145Y_S')	4
('D339H_S', 'V213G_S')	4
('D339H_S', '-70V_S')	4
('D339H_S', '-142D_S')	4
('D339H_S', 'P26-_S')	4
('I95T_S', 'I210V_S')	2
('I95T_S', 'W152R_S')	4
('I95T_S', 'P1640S_ORF1a')	4
('I95T_S', 'N460K_S')	4
('I95T_S', 'D574V_S')	1
('I95T_S', 'F157L_S')	4
('I95T_S', 'R493Q_S')	8
('I95T_S', 'T11A_E')	4
('I95T_S', 'N4060S_ORF1a')	4
('I95T_S', 'G446S_S')	4
('I210V_S', 'R1315C_ORF1b')	4
('I210V_S', 'T842I_ORF1a')	4
('I210V_S', 'W152R_S')	4
('I210V_S', 'P1640S_ORF1a')	4
('I210V_S', 'N460K_S')	4
('I210V_S', 'D574V_S')	1
('I210V_S', 'F157L_S')	4
('I210V_S', '-211N_S')	4
('I210V_S', 'T376A_S')	4
('I210V_S', 'S446G_S')	4
('I210V_S', 'R493Q_S')	4
('I210V_S', 'R408S_S')	4
('I210V_S', 'T11A_E')	4
('I210V_S', 'D61L_ORF6')	4
('I210V_S', 'V67A_S')	4
('I210V_S', 'A27S_S')	4
('I210V_S', 'I212L_S')	4
('I210V_S', 'L3027F_ORF1a')	4
('I210V_S', 'N4060S_ORF1a')	4
('I210V_S', 'T2163I_ORF1b')	4
('I210V_S', 'G446S_S')	4
('I210V_S', 'T19I_S')	4
('I210V_S', 'P25-_S')	4
('I210V_S', 'D145Y_S')	4
('I210V_S', 'V213G_S')	4
('I210V_S', '-70V_S')	4
('I210V_S', '-142D_S')	4
('I210V_S', 'P26-_S')	4
('R1315C_ORF1b', 'W152R_S')	4
('R1315C_ORF1b', 'P1640S_ORF1a')	4
('R1315C_ORF1b', 'N460K_S')	4
('R1315C_ORF1b', 'D574V_S')	1
('R1315C_ORF1b', 'F157L_S')	4
('R1315C_ORF1b', 'R493Q_S')	8
('R1315C_ORF1b', 'T11A_E')	4
('R1315C_ORF1b', 'N4060S_ORF1a')	4
('R1315C_ORF1b', 'G446S_S')	4
('T842I_ORF1a', 'W152R_S')	4
('T842I_ORF1a', 'P1640S_ORF1a')	4
('T842I_ORF1a', 'N460K_S')	4
('T842I_ORF1a', 'D574V_S')	1
('T842I_ORF1a', 'F157L_S')	4
('T842I_ORF1a', 'R493Q_S')	8
('T842I_ORF1a', 'T11A_E')	4
('T842I_ORF1a', 'N4060S_ORF1a')	4
('T842I_ORF1a', 'G446S_S')	4
('W152R_S', 'P1640S_ORF1a')	4
('W152R_S', 'N460K_S')	4
('W152R_S', 'D574V_S')	1
('W152R_S', 'F157L_S')	4
('W152R_S', '-211N_S')	4
('W152R_S', 'T376A_S')	4
('W152R_S', 'S446G_S')	4
('W152R_S', 'R493Q_S')	4
('W152R_S', 'R408S_S')	4
('W152R_S', 'T11A_E')	4
('W152R_S', 'D61L_ORF6')	4
('W152R_S', 'V67A_S')	4
('W152R_S', 'A27S_S')	4
('W152R_S', 'I212L_S')	4
('W152R_S', 'L3027F_ORF1a')	4
('W152R_S', 'N4060S_ORF1a')	4
('W152R_S', 'T2163I_ORF1b')	4
('W152R_S', 'G446S_S')	4
('W152R_S', 'T19I_S')	4
('W152R_S', 'P25-_S')	4
('W152R_S', 'D145Y_S')	4
('W152R_S', 'V213G_S')	4
('W152R_S', '-70V_S')	4
('W152R_S', '-142D_S')	4
('W152R_S', 'P26-_S')	4
('P1640S_ORF1a', 'N460K_S')	4
('P1640S_ORF1a', 'D574V_S')	1
('P1640S_ORF1a', 'F157L_S')	4
('P1640S_ORF1a', '-211N_S')	4
('P1640S_ORF1a', 'T376A_S')	4
('P1640S_ORF1a', 'S446G_S')	4
('P1640S_ORF1a', 'R493Q_S')	4
('P1640S_ORF1a', 'R408S_S')	4
('P1640S_ORF1a', 'T11A_E')	4
('P1640S_ORF1a', 'D61L_ORF6')	4
('P1640S_ORF1a', 'V67A_S')	4
('P1640S_ORF1a', 'A27S_S')	4
('P1640S_ORF1a', 'I212L_S')	4
('P1640S_ORF1a', 'L3027F_ORF1a')	4
('P1640S_ORF1a', 'N4060S_ORF1a')	4
('P1640S_ORF1a', 'T2163I_ORF1b')	4
('P1640S_ORF1a', 'G446S_S')	4
('P1640S_ORF1a', 'T19I_S')	4
('P1640S_ORF1a', 'P25-_S')	4
('P1640S_ORF1a', 'D145Y_S')	4
('P1640S_ORF1a', 'V213G_S')	4
('P1640S_ORF1a', '-70V_S')	4
('P1640S_ORF1a', '-142D_S')	4
('P1640S_ORF1a', 'P26-_S')	4
('N460K_S', 'D574V_S')	1
('N460K_S', 'F157L_S')	4
('N460K_S', '-211N_S')	4
('N460K_S', 'T376A_S')	4
('N460K_S', 'S446G_S')	4
('N460K_S', 'R493Q_S')	4
('N460K_S', 'R408S_S')	4
('N460K_S', 'T11A_E')	4
('N460K_S', 'D61L_ORF6')	4
('N460K_S', 'V67A_S')	4
('N460K_S', 'A27S_S')	4
('N460K_S', 'I212L_S')	4
('N460K_S', 'L3027F_ORF1a')	4
('N460K_S', 'N4060S_ORF1a')	4
('N460K_S', 'T2163I_ORF1b')	4
('N460K_S', 'G446S_S')	4
('N460K_S', 'T19I_S')	4
('N460K_S', 'P25-_S')	4
('N460K_S', 'D145Y_S')	4
('N460K_S', 'V213G_S')	4
('N460K_S', '-70V_S')	4
('N460K_S', '-142D_S')	4
('N460K_S', 'P26-_S')	4
('D574V_S', 'F157L_S')	1
('D574V_S', '-211N_S')	1
('D574V_S', 'T376A_S')	1
('D574V_S', 'S446G_S')	1
('D574V_S', 'R493Q_S')	1
('D574V_S', 'R408S_S')	1
('D574V_S', 'T11A_E')	1
('D574V_S', 'D61L_ORF6')	1
('D574V_S', 'V67A_S')	1
('D574V_S', 'A27S_S')	1
('D574V_S', 'I212L_S')	1
('D574V_S', 'L3027F_ORF1a')	1
('D574V_S', 'N4060S_ORF1a')	1
('D574V_S', 'T2163I_ORF1b')	1
('D574V_S', 'G446S_S')	1
('D574V_S', 'T19I_S')	1
('D574V_S', 'P25-_S')	1
('D574V_S', 'D145Y_S')	1
('D574V_S', 'V213G_S')	1
('D574V_S', '-70V_S')	1
('D574V_S', '-142D_S')	1
('D574V_S', 'P26-_S')	1
('F157L_S', '-211N_S')	1
('F157L_S', 'T376A_S')	4
('F157L_S', 'S446G_S')	4
('F157L_S', 'R493Q_S')	4
('F157L_S', 'R408S_S')	4
('F157L_S', 'T11A_E')	4
('F157L_S', 'D61L_ORF6')	4
('F157L_S', 'V67A_S')	4
('F157L_S', 'A27S_S')	4
('F157L_S', 'I212L_S')	4
('F157L_S', 'L3027F_ORF1a')	4
('F157L_S', 'N4060S_ORF1a')	4
('F157L_S', 'T2163I_ORF1b')	4
('F157L_S', 'G446S_S')	4
('F157L_S', 'T19I_S')	4
('F157L_S', 'P25-_S')	4
('F157L_S', 'D145Y_S')	4
('F157L_S', 'V213G_S')	4
('F157L_S', '-70V_S')	4
('F157L_S', '-142D_S')	4
('F157L_S', 'P26-_S')	4
('-211N_S', 'R493Q_S')	8
('-211N_S', 'T11A_E')	4
('-211N_S', 'N4060S_ORF1a')	4
('-211N_S', 'G446S_S')	4
('T376A_S', 'R493Q_S')	8
('T376A_S', 'T11A_E')	4
('T376A_S', 'N4060S_ORF1a')	4
('T376A_S', 'G446S_S')	4
('S446G_S', 'R493Q_S')	8
('S446G_S', 'T11A_E')	4
('S446G_S', 'N4060S_ORF1a')	4
('S446G_S', 'G446S_S')	4
('R493Q_S', 'R408S_S')	8
('R493Q_S', 'T11A_E')	4
('R493Q_S', 'D61L_ORF6')	8
('R493Q_S', 'V67A_S')	8
('R493Q_S', 'A27S_S')	8
('R493Q_S', 'I212L_S')	8
('R493Q_S', 'L3027F_ORF1a')	8
('R493Q_S', 'N4060S_ORF1a')	4
('R493Q_S', 'T2163I_ORF1b')	8
('R493Q_S', 'G446S_S')	4
('R493Q_S', 'T19I_S')	8
('R493Q_S', 'P25-_S')	8
('R493Q_S', 'D145Y_S')	8
('R493Q_S', 'V213G_S')	8
('R493Q_S', '-70V_S')	8
('R493Q_S', '-142D_S')	8
('R493Q_S', 'P26-_S')	8
('R408S_S', 'T11A_E')	4
('R408S_S', 'N4060S_ORF1a')	4
('R408S_S', 'G446S_S')	4
('T11A_E', 'D61L_ORF6')	4
('T11A_E', 'V67A_S')	4
('T11A_E', 'A27S_S')	4
('T11A_E', 'I212L_S')	4
('T11A_E', 'L3027F_ORF1a')	4
('T11A_E', 'N4060S_ORF1a')	4
('T11A_E', 'T2163I_ORF1b')	4
('T11A_E', 'G446S_S')	4
('T11A_E', 'T19I_S')	4
('T11A_E', 'P25-_S')	4
('T11A_E', 'D145Y_S')	4
('T11A_E', 'V213G_S')	4
('T11A_E', '-70V_S')	4
('T11A_E', '-142D_S')	4
('T11A_E', 'P26-_S')	4
('D61L_ORF6', 'N4060S_ORF1a')	4
('D61L_ORF6', 'G446S_S')	4
('V67A_S', 'N4060S_ORF1a')	4
('V67A_S', 'G446S_S')	4
('A27S_S', 'N4060S_ORF1a')	4
('A27S_S', 'G446S_S')	4
('I212L_S', 'N4060S_ORF1a')	4
('I212L_S', 'G446S_S')	4
('L3027F_ORF1a', 'N4060S_ORF1a')	4
('L3027F_ORF1a', 'G446S_S')	4
('N4060S_ORF1a', 'T2163I_ORF1b')	4
('N4060S_ORF1a', 'G446S_S')	4
('N4060S_ORF1a', 'T19I_S')	4
('N4060S_ORF1a', 'P25-_S')	4
('N4060S_ORF1a', 'D145Y_S')	4
('N4060S_ORF1a', 'V213G_S')	4
('N4060S_ORF1a', '-70V_S')	4
('N4060S_ORF1a', '-142D_S')	4
('N4060S_ORF1a', 'P26-_S')	4
('T2163I_ORF1b', 'G446S_S')	4
('G446S_S', 'T19I_S')	4
('G446S_S', 'P25-_S')	4
('G446S_S', 'D145Y_S')	4
('G446S_S', 'V213G_S')	4
('G446S_S', '-70V_S')	4
('G446S_S', '-142D_S')	4
('G446S_S', 'P26-_S')	4
('K147E_S', 'F486S_S')	1
('K147E_S', 'D1199N_S')	1
('K147E_S', 'R346T_S')	2
('G257S_S', 'F486S_S')	1
('G257S_S', 'D1199N_S')	1
('G257S_S', 'R346T_S')	2
('S1221L_ORF1a', 'F486S_S')	1
('S1221L_ORF1a', 'D1199N_S')	1
('S1221L_ORF1a', 'R346T_S')	2
('L3201F_ORF1a', 'F486S_S')	1
('L3201F_ORF1a', 'D1199N_S')	1
('L3201F_ORF1a', 'R346T_S')	2
('-144Y_S', 'F486S_S')	1
('-144Y_S', 'D1199N_S')	1
('-144Y_S', 'R346T_S')	2
('L24-_S', 'F486S_S')	1
('L24-_S', 'D1199N_S')	1
('L24-_S', 'R346T_S')	2
('F486S_S', '-143V_S')	1
('F486S_S', '-69H_S')	1
('F486S_S', 'G662S_ORF1b')	1
('F486S_S', 'D339H_S')	1
('F486S_S', 'I210V_S')	1
('F486S_S', 'I95T_S')	1
('F486S_S', 'R1315C_ORF1b')	1
('F486S_S', 'T842I_ORF1a')	1
('F486S_S', 'W152R_S')	1
('F486S_S', 'P1640S_ORF1a')	1
('F486S_S', 'N460K_S')	1
('F486S_S', '-211N_S')	1
('F486S_S', 'F157L_S')	1
('F486S_S', 'T376A_S')	1
('F486S_S', 'S446G_S')	1
('F486S_S', 'R493Q_S')	1
('F486S_S', 'R408S_S')	1
('F486S_S', 'D1199N_S')	1
('F486S_S', 'T11A_E')	1
('F486S_S', 'R346T_S')	1
('F486S_S', 'D61L_ORF6')	1
('F486S_S', 'V67A_S')	1
('F486S_S', 'A27S_S')	1
('F486S_S', 'I212L_S')	1
('F486S_S', 'L3027F_ORF1a')	1
('F486S_S', 'N4060S_ORF1a')	1
('F486S_S', 'T2163I_ORF1b')	1
('F486S_S', 'G446S_S')	1
('F486S_S', 'T19I_S')	1
('F486S_S', 'P25-_S')	1
('F486S_S', 'D145Y_S')	1
('F486S_S', 'V213G_S')	1
('F486S_S', '-70V_S')	1
('F486S_S', '-142D_S')	1
('F486S_S', 'P26-_S')	1
('-143V_S', 'G662S_ORF1b')	1
('-143V_S', 'D1199N_S')	1
('-143V_S', 'R346T_S')	2
('-69H_S', 'G662S_ORF1b')	1
('-69H_S', 'D1199N_S')	1
('-69H_S', 'R346T_S')	2
('G662S_ORF1b', 'D1199N_S')	1
('G662S_ORF1b', 'R346T_S')	2
('D339H_S', 'D1199N_S')	1
('D339H_S', 'R346T_S')	2
('I210V_S', 'I95T_S')	2
('I210V_S', 'D1199N_S')	1
('I210V_S', 'R346T_S')	2
('I95T_S', 'D1199N_S')	1
('I95T_S', 'R346T_S')	2
('R1315C_ORF1b', 'D1199N_S')	1
('R1315C_ORF1b', 'R346T_S')	2
('T842I_ORF1a', 'D1199N_S')	1
('T842I_ORF1a', 'R346T_S')	2
('W152R_S', 'D1199N_S')	1
('W152R_S', 'R346T_S')	2
('P1640S_ORF1a', 'D1199N_S')	1
('P1640S_ORF1a', 'R346T_S')	2
('N460K_S', 'D1199N_S')	1
('N460K_S', 'R346T_S')	2
('-211N_S', 'F157L_S')	3
('-211N_S', 'D1199N_S')	1
('-211N_S', 'R346T_S')	2
('F157L_S', 'D1199N_S')	1
('F157L_S', 'R346T_S')	2
('T376A_S', 'D1199N_S')	1
('T376A_S', 'R346T_S')	2
('S446G_S', 'D1199N_S')	1
('S446G_S', 'R346T_S')	2
('R493Q_S', 'D1199N_S')	1
('R493Q_S', 'R346T_S')	2
('R408S_S', 'D1199N_S')	1
('R408S_S', 'R346T_S')	2
('D1199N_S', 'T11A_E')	1
('D1199N_S', 'R346T_S')	1
('D1199N_S', 'D61L_ORF6')	1
('D1199N_S', 'V67A_S')	1
('D1199N_S', 'A27S_S')	1
('D1199N_S', 'I212L_S')	1
('D1199N_S', 'L3027F_ORF1a')	1
('D1199N_S', 'N4060S_ORF1a')	1
('D1199N_S', 'T2163I_ORF1b')	1
('D1199N_S', 'G446S_S')	1
('D1199N_S', 'T19I_S')	1
('D1199N_S', 'P25-_S')	1
('D1199N_S', 'D145Y_S')	1
('D1199N_S', 'V213G_S')	1
('D1199N_S', '-70V_S')	1
('D1199N_S', '-142D_S')	1
('D1199N_S', 'P26-_S')	1
('T11A_E', 'R346T_S')	2
('R346T_S', 'D61L_ORF6')	2
('R346T_S', 'V67A_S')	2
('R346T_S', 'A27S_S')	2
('R346T_S', 'I212L_S')	2
('R346T_S', 'L3027F_ORF1a')	2
('R346T_S', 'N4060S_ORF1a')	2
('R346T_S', 'T2163I_ORF1b')	2
('R346T_S', 'G446S_S')	2
('R346T_S', 'T19I_S')	2
('R346T_S', 'P25-_S')	2
('R346T_S', 'D145Y_S')	2
('R346T_S', 'V213G_S')	2
('R346T_S', '-70V_S')	2
('R346T_S', '-142D_S')	2
('R346T_S', 'P26-_S')	2
('K147E_S', 'K356T_S')	2
('G257S_S', 'K356T_S')	2
('S1221L_ORF1a', 'K356T_S')	2
('L3201F_ORF1a', 'K356T_S')	2
('-144Y_S', 'K356T_S')	2
('L24-_S', 'K356T_S')	2
('G662S_ORF1b', 'K356T_S')	2
('-143V_S', 'K356T_S')	2
('-69H_S', 'K356T_S')	2
('D339H_S', 'K356T_S')	2
('I95T_S', 'K356T_S')	2
('I210V_S', 'K356T_S')	2
('R1315C_ORF1b', 'K356T_S')	2
('T842I_ORF1a', 'K356T_S')	2
('W152R_S', 'K356T_S')	2
('P1640S_ORF1a', 'K356T_S')	2
('N460K_S', 'K356T_S')	2
('-211N_S', 'K356T_S')	2
('F157L_S', 'K356T_S')	2
('T376A_S', 'K356T_S')	2
('S446G_S', 'K356T_S')	2
('R493Q_S', 'K356T_S')	2
('R408S_S', 'K356T_S')	2
('T11A_E', 'K356T_S')	2
('D61L_ORF6', 'K356T_S')	2
('V67A_S', 'K356T_S')	2
('A27S_S', 'K356T_S')	2
('I212L_S', 'K356T_S')	2
('L3027F_ORF1a', 'K356T_S')	2
('N4060S_ORF1a', 'K356T_S')	2
('K356T_S', 'T2163I_ORF1b')	2
('K356T_S', 'G446S_S')	2
('K356T_S', 'T19I_S')	2
('K356T_S', 'P25-_S')	2
('K356T_S', 'D145Y_S')	2
('K356T_S', 'V213G_S')	2
('K356T_S', '-70V_S')	2
('K356T_S', '-142D_S')	2
('K356T_S', 'P26-_S')	2
('K147E_S', 'F490S_S')	1
('G257S_S', 'F490S_S')	1
('S1221L_ORF1a', 'F490S_S')	1
('L3201F_ORF1a', 'F490S_S')	1
('-144Y_S', 'F490S_S')	1
('L24-_S', 'F490S_S')	1
('G662S_ORF1b', 'F490S_S')	1
('-143V_S', 'F490S_S')	1
('-69H_S', 'F490S_S')	1
('D339H_S', 'F490S_S')	1
('I210V_S', 'F490S_S')	1
('I95T_S', 'F490S_S')	1
('R1315C_ORF1b', 'F490S_S')	1
('T842I_ORF1a', 'F490S_S')	1
('W152R_S', 'F490S_S')	1
('P1640S_ORF1a', 'F490S_S')	1
('N460K_S', 'F490S_S')	1
('-211N_S', 'F490S_S')	1
('F157L_S', 'F490S_S')	1
('T376A_S', 'F490S_S')	1
('S446G_S', 'F490S_S')	1
('R493Q_S', 'F490S_S')	1
('R408S_S', 'F490S_S')	1
('T11A_E', 'F490S_S')	1
('R346T_S', 'K356T_S')	1
('R346T_S', 'F490S_S')	1
('D61L_ORF6', 'F490S_S')	1
('V67A_S', 'F490S_S')	1
('A27S_S', 'F490S_S')	1
('I212L_S', 'F490S_S')	1
('L3027F_ORF1a', 'F490S_S')	1
('N4060S_ORF1a', 'F490S_S')	1
('K356T_S', 'F490S_S')	1
('T2163I_ORF1b', 'F490S_S')	1
('G446S_S', 'F490S_S')	1
('F490S_S', 'T19I_S')	1
('F490S_S', 'P25-_S')	1
('F490S_S', 'D145Y_S')	1
('F490S_S', 'V213G_S')	1
('F490S_S', '-70V_S')	1
('F490S_S', '-142D_S')	1
('F490S_S', 'P26-_S')	1
('K141-_ORF1a', '-144Y_S')	1
('K141-_ORF1a', 'L24-_S')	1
('K141-_ORF1a', '-143V_S')	1
('K141-_ORF1a', '-69H_S')	1
('K141-_ORF1a', 'P151S_N')	1
('K141-_ORF1a', 'I95T_S')	1
('K141-_ORF1a', 'R1315C_ORF1b')	1
('K141-_ORF1a', 'T842I_ORF1a')	1
('K141-_ORF1a', '-211N_S')	1
('K141-_ORF1a', 'T376A_S')	1
('K141-_ORF1a', 'S446G_S')	1
('K141-_ORF1a', 'R493Q_S')	1
('K141-_ORF1a', 'R408S_S')	1
('K141-_ORF1a', 'D61L_ORF6')	1
('K141-_ORF1a', 'S142-_ORF1a')	1
('K141-_ORF1a', 'V67A_S')	1
('K141-_ORF1a', 'F143-_ORF1a')	1
('K141-_ORF1a', 'V70-_S')	1
('K141-_ORF1a', 'A27S_S')	1
('K141-_ORF1a', 'H69-_S')	1
('K141-_ORF1a', 'I212L_S')	1
('K141-_ORF1a', 'L3027F_ORF1a')	1
('K141-_ORF1a', 'T2163I_ORF1b')	1
('K141-_ORF1a', 'V3G_S')	1
('K141-_ORF1a', 'T19I_S')	1
('K141-_ORF1a', 'P25-_S')	1
('K141-_ORF1a', 'L452R_S')	1
('K141-_ORF1a', 'F486V_S')	1
('K141-_ORF1a', 'D145Y_S')	1
('K141-_ORF1a', 'V213G_S')	1
('K141-_ORF1a', 'L11F_ORF7b')	1
('K141-_ORF1a', '-70V_S')	1
('K141-_ORF1a', '-142D_S')	1
('K141-_ORF1a', 'P26-_S')	1
('-144Y_S', 'P151S_N')	1
('-144Y_S', 'S142-_ORF1a')	1
('-144Y_S', 'F143-_ORF1a')	1
('-144Y_S', 'V70-_S')	4
('-144Y_S', 'H69-_S')	4
('-144Y_S', 'V3G_S')	1
('-144Y_S', 'L452R_S')	4
('-144Y_S', 'F486V_S')	4
('-144Y_S', 'L11F_ORF7b')	1
('L24-_S', 'P151S_N')	1
('L24-_S', 'S142-_ORF1a')	1
('L24-_S', 'F143-_ORF1a')	1
('L24-_S', 'V70-_S')	4
('L24-_S', 'H69-_S')	4
('L24-_S', 'V3G_S')	1
('L24-_S', 'L452R_S')	4
('L24-_S', 'F486V_S')	4
('L24-_S', 'L11F_ORF7b')	1
('-143V_S', 'P151S_N')	1
('-143V_S', 'S142-_ORF1a')	1
('-143V_S', 'F143-_ORF1a')	1
('-143V_S', 'V70-_S')	4
('-143V_S', 'H69-_S')	4
('-143V_S', 'V3G_S')	1
('-143V_S', 'L452R_S')	4
('-143V_S', 'F486V_S')	4
('-143V_S', 'L11F_ORF7b')	1
('-69H_S', 'P151S_N')	1
('-69H_S', 'S142-_ORF1a')	1
('-69H_S', 'F143-_ORF1a')	1
('-69H_S', 'V70-_S')	4
('-69H_S', 'H69-_S')	4
('-69H_S', 'V3G_S')	1
('-69H_S', 'L452R_S')	4
('-69H_S', 'F486V_S')	4
('-69H_S', 'L11F_ORF7b')	1
('P151S_N', 'I95T_S')	1
('P151S_N', 'R1315C_ORF1b')	1
('P151S_N', 'T842I_ORF1a')	1
('P151S_N', '-211N_S')	1
('P151S_N', 'T376A_S')	1
('P151S_N', 'S446G_S')	1
('P151S_N', 'R493Q_S')	1
('P151S_N', 'R408S_S')	1
('P151S_N', 'D61L_ORF6')	1
('P151S_N', 'S142-_ORF1a')	1
('P151S_N', 'V67A_S')	1
('P151S_N', 'F143-_ORF1a')	1
('P151S_N', 'V70-_S')	1
('P151S_N', 'A27S_S')	1
('P151S_N', 'H69-_S')	1
('P151S_N', 'I212L_S')	1
('P151S_N', 'L3027F_ORF1a')	1
('P151S_N', 'T2163I_ORF1b')	1
('P151S_N', 'V3G_S')	1
('P151S_N', 'T19I_S')	1
('P151S_N', 'P25-_S')	1
('P151S_N', 'L452R_S')	1
('P151S_N', 'F486V_S')	1
('P151S_N', 'D145Y_S')	1
('P151S_N', 'V213G_S')	1
('P151S_N', 'L11F_ORF7b')	1
('P151S_N', '-70V_S')	1
('P151S_N', '-142D_S')	1
('P151S_N', 'P26-_S')	1
('I95T_S', 'S142-_ORF1a')	1
('I95T_S', 'F143-_ORF1a')	1
('I95T_S', 'V70-_S')	4
('I95T_S', 'H69-_S')	4
('I95T_S', 'V3G_S')	1
('I95T_S', 'L452R_S')	4
('I95T_S', 'F486V_S')	4
('I95T_S', 'L11F_ORF7b')	1
('R1315C_ORF1b', 'S142-_ORF1a')	1
('R1315C_ORF1b', 'F143-_ORF1a')	1
('R1315C_ORF1b', 'V70-_S')	4
('R1315C_ORF1b', 'H69-_S')	4
('R1315C_ORF1b', 'V3G_S')	1
('R1315C_ORF1b', 'L452R_S')	4
('R1315C_ORF1b', 'F486V_S')	4
('R1315C_ORF1b', 'L11F_ORF7b')	1
('T842I_ORF1a', 'S142-_ORF1a')	1
('T842I_ORF1a', 'F143-_ORF1a')	1
('T842I_ORF1a', 'V70-_S')	4
('T842I_ORF1a', 'H69-_S')	4
('T842I_ORF1a', 'V3G_S')	1
('T842I_ORF1a', 'L452R_S')	4
('T842I_ORF1a', 'F486V_S')	4
('T842I_ORF1a', 'L11F_ORF7b')	1
('-211N_S', 'S142-_ORF1a')	1
('-211N_S', 'F143-_ORF1a')	1
('-211N_S', 'V70-_S')	4
('-211N_S', 'H69-_S')	4
('-211N_S', 'V3G_S')	1
('-211N_S', 'L452R_S')	4
('-211N_S', 'F486V_S')	4
('-211N_S', 'L11F_ORF7b')	1
('T376A_S', 'S142-_ORF1a')	1
('T376A_S', 'F143-_ORF1a')	1
('T376A_S', 'V70-_S')	4
('T376A_S', 'H69-_S')	4
('T376A_S', 'V3G_S')	1
('T376A_S', 'L452R_S')	4
('T376A_S', 'F486V_S')	4
('T376A_S', 'L11F_ORF7b')	1
('S446G_S', 'S142-_ORF1a')	1
('S446G_S', 'F143-_ORF1a')	1
('S446G_S', 'V70-_S')	4
('S446G_S', 'H69-_S')	4
('S446G_S', 'V3G_S')	1
('S446G_S', 'L452R_S')	4
('S446G_S', 'F486V_S')	4
('S446G_S', 'L11F_ORF7b')	1
('R493Q_S', 'S142-_ORF1a')	1
('R493Q_S', 'F143-_ORF1a')	1
('R493Q_S', 'V70-_S')	4
('R493Q_S', 'H69-_S')	4
('R493Q_S', 'V3G_S')	1
('R493Q_S', 'L452R_S')	4
('R493Q_S', 'F486V_S')	4
('R493Q_S', 'L11F_ORF7b')	1
('R408S_S', 'S142-_ORF1a')	1
('R408S_S', 'F143-_ORF1a')	1
('R408S_S', 'V70-_S')	4
('R408S_S', 'H69-_S')	4
('R408S_S', 'V3G_S')	1
('R408S_S', 'L452R_S')	4
('R408S_S', 'F486V_S')	4
('R408S_S', 'L11F_ORF7b')	1
('D61L_ORF6', 'S142-_ORF1a')	1
('D61L_ORF6', 'F143-_ORF1a')	1
('D61L_ORF6', 'V70-_S')	4
('D61L_ORF6', 'H69-_S')	4
('D61L_ORF6', 'V3G_S')	1
('D61L_ORF6', 'L452R_S')	4
('D61L_ORF6', 'F486V_S')	4
('D61L_ORF6', 'L11F_ORF7b')	1
('S142-_ORF1a', 'V67A_S')	1
('S142-_ORF1a', 'F143-_ORF1a')	1
('S142-_ORF1a', 'V70-_S')	1
('S142-_ORF1a', 'A27S_S')	1
('S142-_ORF1a', 'H69-_S')	1
('S142-_ORF1a', 'I212L_S')	1
('S142-_ORF1a', 'L3027F_ORF1a')	1
('S142-_ORF1a', 'T2163I_ORF1b')	1
('S142-_ORF1a', 'V3G_S')	1
('S142-_ORF1a', 'T19I_S')	1
('S142-_ORF1a', 'P25-_S')	1
('S142-_ORF1a', 'L452R_S')	1
('S142-_ORF1a', 'F486V_S')	1
('S142-_ORF1a', 'D145Y_S')	1
('S142-_ORF1a', 'V213G_S')	1
('S142-_ORF1a', 'L11F_ORF7b')	1
('S142-_ORF1a', '-70V_S')	1
('S142-_ORF1a', '-142D_S')	1
('S142-_ORF1a', 'P26-_S')	1
('V67A_S', 'F143-_ORF1a')	1
('V67A_S', 'V70-_S')	4
('V67A_S', 'H69-_S')	4
('V67A_S', 'V3G_S')	1
('V67A_S', 'L452R_S')	4
('V67A_S', 'F486V_S')	4
('V67A_S', 'L11F_ORF7b')	1
('F143-_ORF1a', 'V70-_S')	1
('F143-_ORF1a', 'A27S_S')	1
('F143-_ORF1a', 'H69-_S')	1
('F143-_ORF1a', 'I212L_S')	1
('F143-_ORF1a', 'L3027F_ORF1a')	1
('F143-_ORF1a', 'T2163I_ORF1b')	1
('F143-_ORF1a', 'V3G_S')	1
('F143-_ORF1a', 'T19I_S')	1
('F143-_ORF1a', 'P25-_S')	1
('F143-_ORF1a', 'L452R_S')	1
('F143-_ORF1a', 'F486V_S')	1
('F143-_ORF1a', 'D145Y_S')	1
('F143-_ORF1a', 'V213G_S')	1
('F143-_ORF1a', 'L11F_ORF7b')	1
('F143-_ORF1a', '-70V_S')	1
('F143-_ORF1a', '-142D_S')	1
('F143-_ORF1a', 'P26-_S')	1
('V70-_S', 'A27S_S')	4
('V70-_S', 'H69-_S')	4
('V70-_S', 'I212L_S')	4
('V70-_S', 'L3027F_ORF1a')	4
('V70-_S', 'T2163I_ORF1b')	4
('V70-_S', 'V3G_S')	1
('V70-_S', 'T19I_S')	4
('V70-_S', 'P25-_S')	4
('V70-_S', 'L452R_S')	4
('V70-_S', 'F486V_S')	4
('V70-_S', 'D145Y_S')	4
('V70-_S', 'V213G_S')	4
('V70-_S', 'L11F_ORF7b')	1
('V70-_S', '-70V_S')	4
('V70-_S', '-142D_S')	4
('V70-_S', 'P26-_S')	4
('A27S_S', 'H69-_S')	4
('A27S_S', 'V3G_S')	1
('A27S_S', 'L452R_S')	4
('A27S_S', 'F486V_S')	4
('A27S_S', 'L11F_ORF7b')	1
('H69-_S', 'I212L_S')	4
('H69-_S', 'L3027F_ORF1a')	4
('H69-_S', 'T2163I_ORF1b')	4
('H69-_S', 'V3G_S')	1
('H69-_S', 'T19I_S')	4
('H69-_S', 'P25-_S')	4
('H69-_S', 'L452R_S')	4
('H69-_S', 'F486V_S')	4
('H69-_S', 'D145Y_S')	4
('H69-_S', 'V213G_S')	4
('H69-_S', 'L11F_ORF7b')	1
('H69-_S', '-70V_S')	4
('H69-_S', '-142D_S')	4
('H69-_S', 'P26-_S')	4
('I212L_S', 'V3G_S')	1
('I212L_S', 'L452R_S')	4
('I212L_S', 'F486V_S')	4
('I212L_S', 'L11F_ORF7b')	1
('L3027F_ORF1a', 'V3G_S')	1
('L3027F_ORF1a', 'L452R_S')	4
('L3027F_ORF1a', 'F486V_S')	4
('L3027F_ORF1a', 'L11F_ORF7b')	1
('T2163I_ORF1b', 'V3G_S')	1
('T2163I_ORF1b', 'L452R_S')	4
('T2163I_ORF1b', 'F486V_S')	4
('T2163I_ORF1b', 'L11F_ORF7b')	1
('V3G_S', 'T19I_S')	1
('V3G_S', 'P25-_S')	1
('V3G_S', 'L452R_S')	1
('V3G_S', 'F486V_S')	1
('V3G_S', 'D145Y_S')	1
('V3G_S', 'V213G_S')	1
('V3G_S', 'L11F_ORF7b')	1
('V3G_S', '-70V_S')	1
('V3G_S', '-142D_S')	1
('V3G_S', 'P26-_S')	1
('T19I_S', 'L452R_S')	4
('T19I_S', 'F486V_S')	4
('T19I_S', 'L11F_ORF7b')	1
('P25-_S', 'L452R_S')	4
('P25-_S', 'F486V_S')	4
('P25-_S', 'L11F_ORF7b')	1
('L452R_S', 'F486V_S')	4
('L452R_S', 'D145Y_S')	4
('L452R_S', 'V213G_S')	4
('L452R_S', 'L11F_ORF7b')	1
('L452R_S', '-70V_S')	4
('L452R_S', '-142D_S')	4
('L452R_S', 'P26-_S')	4
('F486V_S', 'D145Y_S')	4
('F486V_S', 'V213G_S')	4
('F486V_S', 'L11F_ORF7b')	1
('F486V_S', '-70V_S')	4
('F486V_S', '-142D_S')	4
('F486V_S', 'P26-_S')	4
('D145Y_S', 'L11F_ORF7b')	1
('V213G_S', 'L11F_ORF7b')	1
('L11F_ORF7b', '-70V_S')	1
('L11F_ORF7b', '-142D_S')	1
('L11F_ORF7b', 'P26-_S')	1
('-144Y_S', 'E136D_N')	2
('-144Y_S', 'L61D_ORF6')	3
('-144Y_S', 'Q556K_ORF1a')	2
('-144Y_S', 'D3N_M')	3
('L24-_S', 'E136D_N')	2
('L24-_S', 'L61D_ORF6')	3
('L24-_S', 'Q556K_ORF1a')	2
('L24-_S', 'D3N_M')	3
('E136D_N', '-69H_S')	2
('E136D_N', '-143V_S')	2
('E136D_N', 'I95T_S')	2
('E136D_N', 'R1315C_ORF1b')	2
('E136D_N', 'T842I_ORF1a')	2
('E136D_N', '-211N_S')	2
('E136D_N', 'T376A_S')	2
('E136D_N', 'S446G_S')	2
('E136D_N', 'R493Q_S')	2
('E136D_N', 'R408S_S')	2
('E136D_N', 'D61L_ORF6')	2
('E136D_N', 'V67A_S')	2
('E136D_N', 'V70-_S')	2
('E136D_N', 'A27S_S')	2
('E136D_N', 'L61D_ORF6')	2
('E136D_N', 'H69-_S')	2
('E136D_N', 'I212L_S')	2
('E136D_N', 'L3027F_ORF1a')	2
('E136D_N', 'T2163I_ORF1b')	2
('E136D_N', 'T19I_S')	2
('E136D_N', 'Q556K_ORF1a')	2
('E136D_N', 'P25-_S')	2
('E136D_N', 'L452R_S')	2
('E136D_N', 'F486V_S')	2
('E136D_N', 'D145Y_S')	2
('E136D_N', 'V213G_S')	2
('E136D_N', 'D3N_M')	2
('E136D_N', '-70V_S')	2
('E136D_N', '-142D_S')	2
('E136D_N', 'P26-_S')	2
('-69H_S', '-143V_S')	2
('-69H_S', 'L61D_ORF6')	3
('-69H_S', 'Q556K_ORF1a')	2
('-69H_S', 'D3N_M')	3
('-143V_S', 'L61D_ORF6')	3
('-143V_S', 'Q556K_ORF1a')	2
('-143V_S', 'D3N_M')	3
('I95T_S', 'L61D_ORF6')	3
('I95T_S', 'Q556K_ORF1a')	2
('I95T_S', 'D3N_M')	3
('R1315C_ORF1b', 'L61D_ORF6')	3
('R1315C_ORF1b', 'Q556K_ORF1a')	2
('R1315C_ORF1b', 'D3N_M')	3
('T842I_ORF1a', 'L61D_ORF6')	3
('T842I_ORF1a', 'Q556K_ORF1a')	2
('T842I_ORF1a', 'D3N_M')	3
('-211N_S', 'L61D_ORF6')	3
('-211N_S', 'Q556K_ORF1a')	2
('-211N_S', 'D3N_M')	3
('T376A_S', 'L61D_ORF6')	3
('T376A_S', 'Q556K_ORF1a')	2
('T376A_S', 'D3N_M')	3
('S446G_S', 'L61D_ORF6')	3
('S446G_S', 'Q556K_ORF1a')	2
('S446G_S', 'D3N_M')	3
('R493Q_S', 'L61D_ORF6')	3
('R493Q_S', 'Q556K_ORF1a')	2
('R493Q_S', 'D3N_M')	3
('R408S_S', 'L61D_ORF6')	3
('R408S_S', 'Q556K_ORF1a')	2
('R408S_S', 'D3N_M')	3
('D61L_ORF6', 'L61D_ORF6')	3
('D61L_ORF6', 'Q556K_ORF1a')	2
('D61L_ORF6', 'D3N_M')	3
('V67A_S', 'L61D_ORF6')	3
('V67A_S', 'Q556K_ORF1a')	2
('V67A_S', 'D3N_M')	3
('V70-_S', 'L61D_ORF6')	3
('V70-_S', 'Q556K_ORF1a')	2
('V70-_S', 'D3N_M')	3
('A27S_S', 'L61D_ORF6')	3
('A27S_S', 'Q556K_ORF1a')	2
('A27S_S', 'D3N_M')	3
('L61D_ORF6', 'H69-_S')	3
('L61D_ORF6', 'I212L_S')	3
('L61D_ORF6', 'L3027F_ORF1a')	3
('L61D_ORF6', 'T2163I_ORF1b')	3
('L61D_ORF6', 'T19I_S')	3
('L61D_ORF6', 'Q556K_ORF1a')	2
('L61D_ORF6', 'P25-_S')	3
('L61D_ORF6', 'L452R_S')	3
('L61D_ORF6', 'F486V_S')	3
('L61D_ORF6', 'D145Y_S')	3
('L61D_ORF6', 'V213G_S')	3
('L61D_ORF6', 'D3N_M')	3
('L61D_ORF6', '-70V_S')	3
('L61D_ORF6', '-142D_S')	3
('L61D_ORF6', 'P26-_S')	3
('H69-_S', 'Q556K_ORF1a')	2
('H69-_S', 'D3N_M')	3
('I212L_S', 'Q556K_ORF1a')	2
('I212L_S', 'D3N_M')	3
('L3027F_ORF1a', 'Q556K_ORF1a')	2
('L3027F_ORF1a', 'D3N_M')	3
('T2163I_ORF1b', 'Q556K_ORF1a')	2
('T2163I_ORF1b', 'D3N_M')	3
('T19I_S', 'Q556K_ORF1a')	2
('T19I_S', 'D3N_M')	3
('Q556K_ORF1a', 'P25-_S')	2
('Q556K_ORF1a', 'L452R_S')	2
('Q556K_ORF1a', 'F486V_S')	2
('Q556K_ORF1a', 'D145Y_S')	2
('Q556K_ORF1a', 'V213G_S')	2
('Q556K_ORF1a', 'D3N_M')	2
('Q556K_ORF1a', '-70V_S')	2
('Q556K_ORF1a', '-142D_S')	2
('Q556K_ORF1a', 'P26-_S')	2
('P25-_S', 'D3N_M')	3
('L452R_S', 'D3N_M')	3
('F486V_S', 'D3N_M')	3
('D145Y_S', 'D3N_M')	3
('V213G_S', 'D3N_M')	3
('D3N_M', '-70V_S')	3
('D3N_M', '-142D_S')	3
('D3N_M', 'P26-_S')	3
('-144Y_S', 'L3829F_ORF1a')	1
('-144Y_S', 'M1156I_ORF1b')	1
('-144Y_S', 'S50L_ORF9b')	1
('L24-_S', 'L3829F_ORF1a')	1
('L24-_S', 'M1156I_ORF1b')	1
('L24-_S', 'S50L_ORF9b')	1
('E136D_N', 'L3829F_ORF1a')	1
('E136D_N', 'M1156I_ORF1b')	1
('E136D_N', 'S50L_ORF9b')	1
('-69H_S', 'L3829F_ORF1a')	1
('-69H_S', 'M1156I_ORF1b')	1
('-69H_S', 'S50L_ORF9b')	1
('-143V_S', 'L3829F_ORF1a')	1
('-143V_S', 'M1156I_ORF1b')	1
('-143V_S', 'S50L_ORF9b')	1
('I95T_S', 'L3829F_ORF1a')	1
('I95T_S', 'M1156I_ORF1b')	1
('I95T_S', 'S50L_ORF9b')	1
('R1315C_ORF1b', 'L3829F_ORF1a')	1
('R1315C_ORF1b', 'M1156I_ORF1b')	1
('R1315C_ORF1b', 'S50L_ORF9b')	1
('T842I_ORF1a', 'L3829F_ORF1a')	1
('T842I_ORF1a', 'M1156I_ORF1b')	1
('T842I_ORF1a', 'S50L_ORF9b')	1
('L3829F_ORF1a', '-211N_S')	1
('L3829F_ORF1a', 'T376A_S')	1
('L3829F_ORF1a', 'S446G_S')	1
('L3829F_ORF1a', 'R493Q_S')	1
('L3829F_ORF1a', 'R408S_S')	1
('L3829F_ORF1a', 'D61L_ORF6')	1
('L3829F_ORF1a', 'V67A_S')	1
('L3829F_ORF1a', 'M1156I_ORF1b')	1
('L3829F_ORF1a', 'V70-_S')	1
('L3829F_ORF1a', 'A27S_S')	1
('L3829F_ORF1a', 'L61D_ORF6')	1
('L3829F_ORF1a', 'H69-_S')	1
('L3829F_ORF1a', 'I212L_S')	1
('L3829F_ORF1a', 'L3027F_ORF1a')	1
('L3829F_ORF1a', 'T2163I_ORF1b')	1
('L3829F_ORF1a', 'T19I_S')	1
('L3829F_ORF1a', 'Q556K_ORF1a')	1
('L3829F_ORF1a', 'S50L_ORF9b')	1
('L3829F_ORF1a', 'P25-_S')	1
('L3829F_ORF1a', 'L452R_S')	1
('L3829F_ORF1a', 'F486V_S')	1
('L3829F_ORF1a', 'D145Y_S')	1
('L3829F_ORF1a', 'V213G_S')	1
('L3829F_ORF1a', 'D3N_M')	1
('L3829F_ORF1a', '-70V_S')	1
('L3829F_ORF1a', '-142D_S')	1
('L3829F_ORF1a', 'P26-_S')	1
('-211N_S', 'M1156I_ORF1b')	1
('-211N_S', 'S50L_ORF9b')	1
('T376A_S', 'M1156I_ORF1b')	1
('T376A_S', 'S50L_ORF9b')	1
('S446G_S', 'M1156I_ORF1b')	1
('S446G_S', 'S50L_ORF9b')	1
('R493Q_S', 'M1156I_ORF1b')	1
('R493Q_S', 'S50L_ORF9b')	1
('R408S_S', 'M1156I_ORF1b')	1
('R408S_S', 'S50L_ORF9b')	1
('D61L_ORF6', 'M1156I_ORF1b')	1
('D61L_ORF6', 'S50L_ORF9b')	1
('V67A_S', 'M1156I_ORF1b')	1
('V67A_S', 'S50L_ORF9b')	1
('M1156I_ORF1b', 'V70-_S')	1
('M1156I_ORF1b', 'A27S_S')	1
('M1156I_ORF1b', 'L61D_ORF6')	1
('M1156I_ORF1b', 'H69-_S')	1
('M1156I_ORF1b', 'I212L_S')	1
('M1156I_ORF1b', 'L3027F_ORF1a')	1
('M1156I_ORF1b', 'T2163I_ORF1b')	1
('M1156I_ORF1b', 'T19I_S')	1
('M1156I_ORF1b', 'Q556K_ORF1a')	1
('M1156I_ORF1b', 'S50L_ORF9b')	1
('M1156I_ORF1b', 'P25-_S')	1
('M1156I_ORF1b', 'L452R_S')	1
('M1156I_ORF1b', 'F486V_S')	1
('M1156I_ORF1b', 'D145Y_S')	1
('M1156I_ORF1b', 'V213G_S')	1
('M1156I_ORF1b', 'D3N_M')	1
('M1156I_ORF1b', '-70V_S')	1
('M1156I_ORF1b', '-142D_S')	1
('M1156I_ORF1b', 'P26-_S')	1
('V70-_S', 'S50L_ORF9b')	1
('A27S_S', 'S50L_ORF9b')	1
('L61D_ORF6', 'S50L_ORF9b')	1
('H69-_S', 'S50L_ORF9b')	1
('I212L_S', 'S50L_ORF9b')	1
('L3027F_ORF1a', 'S50L_ORF9b')	1
('T2163I_ORF1b', 'S50L_ORF9b')	1
('T19I_S', 'S50L_ORF9b')	1
('Q556K_ORF1a', 'S50L_ORF9b')	1
('S50L_ORF9b', 'P25-_S')	1
('S50L_ORF9b', 'L452R_S')	1
('S50L_ORF9b', 'F486V_S')	1
('S50L_ORF9b', 'D145Y_S')	1
('S50L_ORF9b', 'V213G_S')	1
('S50L_ORF9b', 'D3N_M')	1
('S50L_ORF9b', '-70V_S')	1
('S50L_ORF9b', '-142D_S')	1
('S50L_ORF9b', 'P26-_S')	1
('V2685F_ORF1b', '-144Y_S')	1
('V2685F_ORF1b', 'L24-_S')	1
('V2685F_ORF1b', '-143V_S')	1
('V2685F_ORF1b', '-69H_S')	1
('V2685F_ORF1b', 'I95T_S')	1
('V2685F_ORF1b', 'R1315C_ORF1b')	1
('V2685F_ORF1b', 'T842I_ORF1a')	1
('V2685F_ORF1b', '-211N_S')	1
('V2685F_ORF1b', 'T376A_S')	1
('V2685F_ORF1b', 'S446G_S')	1
('V2685F_ORF1b', 'R493Q_S')	1
('V2685F_ORF1b', 'R408S_S')	1
('V2685F_ORF1b', 'D61L_ORF6')	1
('V2685F_ORF1b', 'V67A_S')	1
('V2685F_ORF1b', 'D16G_ORF9b')	1
('V2685F_ORF1b', 'V70-_S')	1
('V2685F_ORF1b', 'A27S_S')	1
('V2685F_ORF1b', 'L61D_ORF6')	1
('V2685F_ORF1b', 'H69-_S')	1
('V2685F_ORF1b', 'I212L_S')	1
('V2685F_ORF1b', 'L3027F_ORF1a')	1
('V2685F_ORF1b', 'T2163I_ORF1b')	1
('V2685F_ORF1b', 'T19I_S')	1
('V2685F_ORF1b', 'P25-_S')	1
('V2685F_ORF1b', 'L452R_S')	1
('V2685F_ORF1b', 'F486V_S')	1
('V2685F_ORF1b', 'D145Y_S')	1
('V2685F_ORF1b', 'V213G_S')	1
('V2685F_ORF1b', 'D3N_M')	1
('V2685F_ORF1b', '-70V_S')	1
('V2685F_ORF1b', '-142D_S')	1
('V2685F_ORF1b', 'P26-_S')	1
('-144Y_S', 'D16G_ORF9b')	1
('L24-_S', 'D16G_ORF9b')	1
('-143V_S', 'D16G_ORF9b')	1
('-69H_S', 'D16G_ORF9b')	1
('I95T_S', 'D16G_ORF9b')	1
('R1315C_ORF1b', 'D16G_ORF9b')	1
('T842I_ORF1a', 'D16G_ORF9b')	1
('-211N_S', 'D16G_ORF9b')	1
('T376A_S', 'D16G_ORF9b')	1
('S446G_S', 'D16G_ORF9b')	1
('R493Q_S', 'D16G_ORF9b')	1
('R408S_S', 'D16G_ORF9b')	1
('D61L_ORF6', 'D16G_ORF9b')	1
('V67A_S', 'D16G_ORF9b')	1
('D16G_ORF9b', 'V70-_S')	1
('D16G_ORF9b', 'A27S_S')	1
('D16G_ORF9b', 'L61D_ORF6')	1
('D16G_ORF9b', 'H69-_S')	1
('D16G_ORF9b', 'I212L_S')	1
('D16G_ORF9b', 'L3027F_ORF1a')	1
('D16G_ORF9b', 'T2163I_ORF1b')	1
('D16G_ORF9b', 'T19I_S')	1
('D16G_ORF9b', 'P25-_S')	1
('D16G_ORF9b', 'L452R_S')	1
('D16G_ORF9b', 'F486V_S')	1
('D16G_ORF9b', 'D145Y_S')	1
('D16G_ORF9b', 'V213G_S')	1
('D16G_ORF9b', 'D3N_M')	1
('D16G_ORF9b', '-70V_S')	1
('D16G_ORF9b', '-142D_S')	1
('D16G_ORF9b', 'P26-_S')	1
